ethnicity,pattern_type,pattern,notes
Chinese,surname,Tan,One of the most common Chinese surnames in Singapore
Chinese,surname,Lim,Hokkien/Teochew surname (Lin in Mandarin)
Chinese,surname,Lee,Common across Chinese dialects
Chinese,surname,Ong,Hokkien surname (Wang in Mandarin)
Chinese,surname,Wong,Cantonese surname (Huang in Mandarin)
Chinese,surname,Ng,Cantonese/Hokkien surname (Wu/Huang in Mandarin)
Chinese,surname,Goh,Hokkien surname (Wu in Mandarin)
Chinese,surname,Chua,Hokkien surname (Cai in Mandarin)
Chinese,surname,Chan,Cantonese surname (Chen in Mandarin)
Chinese,surname,Koh,Hokkien surname (Xu/Ke in Mandarin)
Chinese,surname,Teo,Teochew surname (Zhang in Mandarin)
Chinese,surname,Ang,Hokkien surname (Hong in Mandarin)
Chinese,surname,Yeo,Teochew surname (Yang in Mandarin)
Chinese,surname,Sim,Hokkien surname (Shen in Mandarin)
Chinese,surname,Tay,Teochew surname (Zheng in Mandarin)
Chinese,surname,Toh,Hokkien surname (Du in Mandarin)
Chinese,surname,Low,Hokkien surname (Liu in Mandarin)
Chinese,surname,Leong,Cantonese surname (Liang in Mandarin)
Chinese,surname,Chong,Cantonese surname (Zhang in Mandarin)
Chinese,surname,Cheong,Cantonese surname (Zhang in Mandarin)
Chinese,surname,Foo,Hokkien surname (Hu/Fu in Mandarin)
Chinese,surname,Heng,Hokkien surname (Wang in Mandarin)
Chinese,surname,Ho,Cantonese surname (He in Mandarin)
Chinese,surname,Khoo,Hokkien surname (Qiu in Mandarin)
Chinese,surname,Lai,Cantonese/Hakka surname
Chinese,surname,Lau,Cantonese surname (Liu in Mandarin)
Chinese,surname,Loh,Hokkien surname (Lu in Mandarin)
Chinese,surname,Loo,Hokkien surname (Lu in Mandarin)
Chinese,surname,Mah,Cantonese surname (Ma in Mandarin)
Chinese,surname,Neo,Teochew surname (Liang in Mandarin)
Chinese,surname,Pang,Cantonese surname (Peng in Mandarin)
Chinese,surname,Phua,Hokkien surname (Pan in Mandarin)
Chinese,surname,Poh,Hokkien surname (Fu in Mandarin)
Chinese,surname,Quek,Hokkien surname (Guo in Mandarin)
Chinese,surname,Seah,Teochew surname (Xie in Mandarin)
Chinese,surname,Soh,Hokkien surname (Su in Mandarin)
Chinese,surname,Soo,Hokkien surname (Su in Mandarin)
Chinese,surname,Wee,Hokkien surname (Huang/Wei in Mandarin)
Chinese,surname,Yap,Hokkien surname (Ye in Mandarin)
Chinese,surname,Yeoh,Hokkien surname (Yang in Mandarin)
Chinese,surname,Chew,Hokkien surname (Zhou in Mandarin)
Chinese,surname,Chin,Hokkien surname (Chen/Zeng in Mandarin)
Chinese,surname,Chng,Hokkien surname (Zhuang in Mandarin)
Chinese,surname,Chuah,Hokkien surname (Cai in Mandarin)
Chinese,surname,Choo,Hokkien surname (Zhu in Mandarin)
Chinese,surname,Chia,Hokkien surname (Xie in Mandarin)
Chinese,surname,Gan,Hokkien surname (Yan in Mandarin)
Chinese,surname,Giam,Hokkien surname (Yan in Mandarin)
Chinese,surname,Han,Common Chinese surname
Chinese,surname,Kang,Korean/Chinese surname
Chinese,surname,Kok,Hokkien surname (Guo in Mandarin)
Chinese,surname,Kwek,Hokkien surname (Guo in Mandarin)
Chinese,surname,Kwong,Cantonese surname (Kuang in Mandarin)
Chinese,surname,Lam,Cantonese surname (Lin in Mandarin)
Chinese,surname,Liow,Hokkien surname (Liao in Mandarin)
Chinese,surname,Loke,Hokkien surname (Lu in Mandarin)
Chinese,surname,Mok,Cantonese surname (Mo in Mandarin)
Chinese,surname,Ngo,Teochew surname (Wu in Mandarin)
Chinese,surname,Ooi,Hokkien surname (Huang in Mandarin)
Chinese,surname,Png,Hokkien surname (Feng in Mandarin)
Chinese,surname,See,Hokkien surname (Shi in Mandarin)
Chinese,surname,Sia,Hokkien surname (Xie in Mandarin)
Chinese,surname,Sng,Hokkien surname (Sun/Song in Mandarin)
Chinese,surname,Tng,Hokkien surname (Tang/Chen in Mandarin)
Chinese,surname,Wan,Common Chinese surname
Chinese,surname,Yong,Cantonese surname (Yang in Mandarin)
Chinese,surname,Chen,Mandarin surname
Chinese,surname,Zhang,Mandarin surname
Chinese,surname,Wang,Mandarin surname
Chinese,surname,Liu,Mandarin surname
Chinese,surname,Huang,Mandarin surname
Chinese,surname,Zhou,Mandarin surname
Chinese,surname,Wu,Mandarin surname
Chinese,surname,Xu,Mandarin surname
Chinese,surname,Lin,Mandarin surname
Chinese,surname,Yang,Mandarin surname
Chinese,surname,Zhao,Mandarin surname
Chinese,surname,Zhu,Mandarin surname
Chinese,surname,Sun,Mandarin surname
Chinese,surname,Ma,Mandarin surname
Chinese,surname,Hu,Mandarin surname
Chinese,surname,Guo,Mandarin surname
Chinese,surname,He,Mandarin surname
Chinese,surname,Luo,Mandarin surname
Chinese,surname,Zheng,Mandarin surname
Chinese,surname,Xie,Mandarin surname
Chinese,surname,Tang,Mandarin surname
Chinese,surname,Feng,Mandarin surname
Chinese,surname,Xiao,Mandarin surname
Chinese,surname,Cheng,Mandarin surname
Chinese,surname,Shen,Mandarin surname
Chinese,surname,Zeng,Mandarin surname
Chinese,surname,Pan,Mandarin surname
Chinese,surname,Yuan,Mandarin surname
Chinese,surname,Dong,Mandarin surname
Chinese,surname,Yu,Mandarin surname
Chinese,surname,Su,Mandarin surname
Chinese,surname,Lu,Mandarin surname
Chinese,surname,Jiang,Mandarin surname
Chinese,surname,Cai,Mandarin surname
Chinese,surname,Wei,Mandarin surname
Chinese,surname,Ding,Mandarin surname
Chinese,surname,Du,Mandarin surname
Chinese,surname,Ye,Mandarin surname
Chinese,surname,Chow,Cantonese surname (Zhou in Mandarin)
Chinese,surname,Fong,Cantonese surname (Fang in Mandarin)
Chinese,surname,Kwok,Cantonese surname (Guo in Mandarin)
Chinese,surname,Lui,Cantonese surname (Lei in Mandarin)
Chinese,surname,Mak,Cantonese surname (Mai in Mandarin)
Chinese,surname,Tam,Cantonese surname (Tan in Mandarin)
Chinese,surname,Tse,Cantonese surname (Xie in Mandarin)
Chinese,surname,Yuen,Cantonese surname (Yuan in Mandarin)
Chinese,surname,Chang,Common Chinese surname (Zhang in Mandarin)
Chinese,surname,Seow,Hokkien surname (Xiao in Mandarin)
Chinese,surname,Tham,Hokkien surname (Tan in Mandarin)
Chinese,surname,Koo,Cantonese surname (Gu in Mandarin)
Chinese,surname,Ning,Mandarin surname
Chinese,surname,Ling,Common Chinese surname/given name element
Chinese,surname,Liew,Hokkien surname (Liu in Mandarin)
Chinese,surname,Yee,Cantonese surname (Yu/Yi in Mandarin)
Chinese,surname,Au,Cantonese surname (Ou in Mandarin)
Chinese,surname,Beh,Hokkien surname (Ma in Mandarin)
Chinese,surname,Boey,Hokkien surname (Mei in Mandarin)
Chinese,surname,Chai,Hokkien surname (Cai in Mandarin)
Chinese,surname,Cheah,Hokkien surname (Xie in Mandarin)
Chinese,surname,Chee,Hokkien surname (Xu/Zhi in Mandarin)
Chinese,surname,Chiam,Hokkien surname (Zhan in Mandarin)
Chinese,surname,Chiang,Hokkien surname (Jiang in Mandarin)
Chinese,surname,Chiong,Teochew surname (Zhang in Mandarin)
Chinese,surname,Choy,Cantonese surname (Cai in Mandarin)
Chinese,surname,Chu,Mandarin surname
Chinese,surname,Chuang,Mandarin surname (Zhuang)
Chinese,surname,Fan,Mandarin surname
Chinese,surname,Fang,Mandarin surname
Chinese,surname,Guan,Mandarin surname
Chinese,surname,Hee,Hokkien surname (Xi in Mandarin)
Chinese,surname,Hong,Mandarin surname
Chinese,surname,Hoo,Hokkien surname (Hu in Mandarin)
Chinese,surname,Hua,Mandarin surname
Chinese,surname,Hung,Cantonese surname (Hong in Mandarin)
Chinese,surname,Hwang,Korean/Chinese surname (Huang in Mandarin)
Chinese,surname,Kam,Cantonese surname (Jin in Mandarin)
Chinese,surname,Kee,Hokkien surname (Ji in Mandarin)
Chinese,surname,Khaw,Hokkien surname (Xu in Mandarin)
Chinese,surname,Kim,Korean surname
Chinese,surname,Ko,Hokkien surname (Gao in Mandarin)
Chinese,surname,Kong,Mandarin surname
Chinese,surname,Kuan,Hokkien surname (Guan in Mandarin)
Chinese,surname,Kuo,Mandarin surname (Guo)
Chinese,surname,Lao,Cantonese surname (Lao in Mandarin)
Chinese,surname,Law,Cantonese surname (Luo/Liu in Mandarin)
Chinese,surname,Lei,Mandarin surname
Chinese,surname,Leng,Mandarin surname
Chinese,surname,Lian,Mandarin surname
Chinese,surname,Liao,Mandarin surname
Chinese,surname,Lien,Hokkien surname (Lian in Mandarin)
Chinese,surname,Liong,Hokkien surname (Long in Mandarin)
Chinese,surname,Long,Mandarin surname
Chinese,surname,Looi,Hokkien surname (Lei/Li in Mandarin)
Chinese,surname,Lum,Cantonese surname (Lin in Mandarin)
Chinese,surname,Lye,Hokkien surname (Li in Mandarin)
Chinese,surname,Mai,Cantonese surname
Chinese,surname,Man,Cantonese surname (Wen in Mandarin)
Chinese,surname,Meng,Mandarin surname
Chinese,surname,Min,Mandarin surname
Chinese,surname,Mui,Cantonese surname (Mei in Mandarin)
Chinese,surname,Nah,Hokkien surname (Na in Mandarin)
Chinese,surname,Ngiam,Hokkien surname (Yan in Mandarin)
Chinese,surname,Ngow,Teochew surname (Niu in Mandarin)
Chinese,surname,Niu,Mandarin surname
Chinese,surname,Oon,Hokkien surname (Wen in Mandarin)
Chinese,surname,Ou,Mandarin surname
Chinese,surname,Pai,Mandarin surname (Bai)
Chinese,surname,Phang,Hokkien surname (Peng/Fang in Mandarin)
Chinese,surname,Phay,Hokkien surname (Fei in Mandarin)
Chinese,surname,Phoon,Hokkien surname (Pan in Mandarin)
Chinese,surname,Poon,Cantonese surname (Pan in Mandarin)
Chinese,surname,Puah,Hokkien surname (Pan in Mandarin)
Chinese,surname,Sam,Cantonese surname (Sen/Shen in Mandarin)
Chinese,surname,San,Mandarin surname
Chinese,surname,Say,Hokkien surname (Xue in Mandarin)
Chinese,surname,Seh,Hokkien surname (Xie in Mandarin)
Chinese,surname,Shao,Mandarin surname
Chinese,surname,Shi,Mandarin surname
Chinese,surname,Siew,Hokkien surname (Xiao in Mandarin)
Chinese,surname,Song,Mandarin surname
Chinese,surname,Soon,Hokkien surname (Sun in Mandarin)
Chinese,surname,Tai,Cantonese surname (Dai in Mandarin)
Chinese,surname,Tan,One of the most common Chinese surnames in Singapore
Chinese,surname,Tee,Hokkien surname (Zheng in Mandarin)
Chinese,surname,Teh,Hokkien surname (Zheng in Mandarin)
Chinese,surname,Teng,Mandarin surname
Chinese,surname,Teoh,Hokkien surname (Zhang in Mandarin)
Chinese,surname,Thia,Hokkien surname (Xie in Mandarin)
Chinese,surname,Thio,Hokkien surname (Zhang in Mandarin)
Chinese,surname,Thong,Teochew surname (Tang in Mandarin)
Chinese,surname,Tian,Mandarin surname
Chinese,surname,Ting,Mandarin surname
Chinese,surname,Tio,Hokkien surname (Zhang in Mandarin)
Chinese,surname,Tong,Mandarin surname
Chinese,surname,Tsai,Mandarin surname (Cai)
Chinese,surname,Tsang,Cantonese surname (Zeng in Mandarin)
Chinese,surname,Tsui,Cantonese surname (Cui in Mandarin)
Chinese,surname,Wai,Cantonese surname (Wei in Mandarin)
Chinese,surname,Weng,Mandarin surname
Chinese,surname,Wey,Hokkien surname (Wei in Mandarin)
Chinese,surname,Woo,Cantonese surname (Hu/Wu in Mandarin)
Chinese,surname,Xia,Mandarin surname
Chinese,surname,Xing,Mandarin surname
Chinese,surname,Yan,Mandarin surname
Chinese,surname,Yaw,Hokkien surname (You/Yao in Mandarin)
Chinese,surname,Yeh,Hokkien surname (Ye in Mandarin)
Chinese,surname,Yen,Mandarin surname (Yan)
Chinese,surname,Yeow,Hokkien surname (Yao in Mandarin)
Chinese,surname,Yi,Mandarin surname
Chinese,surname,Yip,Cantonese surname (Ye in Mandarin)
Chinese,surname,Yoong,Hokkien surname (Yang in Mandarin)
Chinese,surname,Yow,Hokkien surname (You in Mandarin)
Chinese,surname,Ze,Mandarin surname
Chinese,surname,Zhan,Mandarin surname
Malay,pattern,bin,Son of (male patronymic)
Malay,pattern,binti,Daughter of (female patronymic)
Malay,pattern,b.,Abbreviated bin
Malay,pattern,bt.,Abbreviated binti
Malay,pattern,bte,Abbreviated binti
Malay,name_start,Mohammad,Common Islamic name
Malay,name_start,Mohammed,Common Islamic name variant
Malay,name_start,Muhammad,Common Islamic name variant
Malay,name_start,Mohd,Abbreviated Muhammad
Malay,name_start,Mohamed,Common Islamic name variant
Malay,name_start,Ahmad,Common Islamic name
Malay,name_start,Abdul,Common Islamic name (servant of)
Malay,name_start,Siti,Common Malay female name
Malay,name_start,Nur,Common Malay female name (light)
Malay,name_start,Noor,Variant of Nur
Malay,name_start,Noraini,Common Malay female name
Malay,name_start,Normah,Common Malay female name
Malay,name_start,Haji,Honorific for male who completed Hajj
Malay,name_start,Hajjah,Honorific for female who completed Hajj
Malay,name_start,Hajah,Variant of Hajjah
Malay,name_start,Encik,Malay honorific (Mr)
Malay,name_start,Cik,Malay honorific (Ms)
Malay,name_start,Puan,Malay honorific (Mrs)
Malay,name_start,Wan,Common Malay name prefix
Malay,name_start,Nik,Common Malay name prefix (royalty-related)
Malay,name_start,Tengku,Malay royalty title
Malay,name_start,Raja,Malay royalty title
Malay,name_start,Tunku,Malay royalty title variant
Malay,name_end,uddin,Islamic name ending (of the faith)
Malay,name_end,ullah,Islamic name ending (of Allah)
Malay,name_end,rahman,Common Islamic name ending (merciful)
Malay,name_end,rahim,Common Islamic name ending (compassionate)
Malay,name,Ibrahim,Common Islamic name
Malay,name,Ismail,Common Islamic name
Malay,name,Hassan,Common Islamic name
Malay,name,Hussein,Common Islamic name
Malay,name,Hussain,Variant of Hussein
Malay,name,Ali,Common Islamic name
Malay,name,Omar,Common Islamic name
Malay,name,Osman,Common Islamic name
Malay,name,Yusof,Common Islamic name (Joseph)
Malay,name,Yusuf,Variant of Yusof
Malay,name,Idris,Common Islamic name
Malay,name,Hamid,Common Islamic name
Malay,name,Halim,Common Islamic name
Malay,name,Karim,Common Islamic name
Malay,name,Aziz,Common Islamic name
Malay,name,Rashid,Common Islamic name
Malay,name,Rahim,Common Islamic name
Malay,name,Rahman,Common Islamic name
Malay,name,Fatimah,Common Islamic female name
Malay,name,Khadijah,Common Islamic female name
Malay,name,Aisyah,Common Islamic female name
Malay,name,Aishah,Variant of Aisyah
Malay,name,Aminah,Common Islamic female name
Malay,name,Zainab,Common Islamic female name
Malay,name,Ramlah,Common Malay female name
Malay,name,Rosnah,Common Malay female name
Malay,name,Rohani,Common Malay female name
Malay,name,Rosmah,Common Malay female name
Malay,name,Zulkifli,Common Malay name
Malay,name,Zainal,Common Malay name
Indian,pattern,s/o,Son of (Indian patronymic)
Indian,pattern,d/o,Daughter of (Indian patronymic)
Indian,pattern,S/O,Son of (uppercase variant)
Indian,pattern,D/O,Daughter of (uppercase variant)
Indian,pattern,a/l,Anak lelaki (son of - Malaysian format)
Indian,pattern,a/p,Anak perempuan (daughter of - Malaysian format)
Indian,surname,Pillai,Tamil Nair caste surname
Indian,surname,Nair,Kerala surname
Indian,surname,Menon,Kerala surname
Indian,surname,Kumar,Common Indian surname (prince)
Indian,surname,Krishnan,Tamil surname (devotee of Krishna)
Indian,surname,Rajan,Tamil surname (king)
Indian,surname,Subramaniam,Tamil surname (Lord Murugan)
Indian,surname,Ramasamy,Tamil surname (Lord Rama)
Indian,surname,Govindasamy,Tamil surname (Lord Krishna)
Indian,surname,Murugan,Tamil surname (Lord Murugan)
Indian,surname,Muthu,Tamil name/surname (pearl)
Indian,surname,Naidu,Telugu surname
Indian,surname,Reddy,Telugu surname
Indian,surname,Rao,Telugu/Kannada surname
Indian,surname,Sharma,Brahmin surname
Indian,surname,Verma,North Indian surname
Indian,surname,Gupta,North Indian surname
Indian,surname,Agarwal,North Indian surname
Indian,surname,Jain,Jain community surname
Indian,surname,Patel,Gujarati surname
Indian,surname,Desai,Gujarati surname
Indian,surname,Shah,Gujarati/North Indian surname
Indian,surname,Mehta,Gujarati surname
Indian,surname,Singh,Sikh/Rajput surname (lion)
Indian,surname,Kaur,Sikh female surname (princess)
Indian,surname,Gill,Punjabi surname
Indian,surname,Sandhu,Punjabi surname
Indian,surname,Sidhu,Punjabi surname
Indian,surname,Dhillon,Punjabi surname
Indian,surname,Bhatia,Punjabi surname
Indian,surname,Chopra,Punjabi surname
Indian,surname,Kapoor,Punjabi surname
Indian,surname,Malhotra,Punjabi surname
Indian,surname,Arora,Punjabi surname
Indian,surname,Khanna,Punjabi surname
Indian,surname,Bajaj,Punjabi surname
Indian,surname,Sethi,Punjabi surname
Indian,surname,Anand,Common Indian surname (bliss)
Indian,surname,Chandra,Common Indian surname (moon)
Indian,surname,Das,Bengali surname (servant)
Indian,surname,Bose,Bengali surname
Indian,surname,Sen,Bengali surname
Indian,surname,Ghosh,Bengali surname
Indian,surname,Banerjee,Bengali Brahmin surname
Indian,surname,Chatterjee,Bengali Brahmin surname
Indian,surname,Mukherjee,Bengali Brahmin surname
Indian,surname,Iyer,Tamil Brahmin surname
Indian,surname,Iyengar,Tamil Brahmin surname
Indian,surname,Raghavan,Tamil surname
Indian,surname,Natarajan,Tamil surname (Lord Shiva)
Indian,surname,Venugopal,Tamil surname (Lord Krishna)
Indian,surname,Balakrishnan,Tamil surname
Indian,surname,Chandran,Tamil/Malayalam surname
Indian,surname,Mohan,Common Indian name/surname
Indian,surname,Gopal,Common Indian name/surname
Indian,surname,Srinivasan,Tamil surname (Lord Vishnu)
Indian,surname,Venkatesh,Telugu/Tamil surname
Indian,surname,Narayanan,Tamil surname (Lord Vishnu)
Indian,surname,Ramachandran,Tamil surname
Indian,surname,Thirunavukarasu,Tamil surname
Indian,name_start,Raj,Common Indian name prefix (king)
Indian,name_start,Rama,Common Indian name prefix (Lord Rama)
Indian,name_start,Krishna,Common Indian name prefix (Lord Krishna)
Indian,name_start,Siva,Common Indian name prefix (Lord Shiva)
Indian,name_start,Shiva,Variant of Siva
Indian,name_start,Ganesh,Common Indian name (Lord Ganesha)
Indian,name_start,Lakshmi,Common Indian female name (goddess)
Indian,name_start,Saraswati,Common Indian female name (goddess)
Indian,name_start,Devi,Common Indian female name (goddess)
Indian,name_start,Priya,Common Indian female name (beloved)
Indian,name_start,Sri,Honorific prefix (auspicious)
Indian,name_start,Shri,Variant of Sri
Indian,name_start,Sree,Variant of Sri
Other,surname,de Silva,Eurasian/Portuguese surname
Other,surname,da Silva,Variant of de Silva
Other,surname,Pereira,Eurasian/Portuguese surname
Other,surname,Rodrigues,Eurasian/Portuguese surname
Other,surname,Rodriguez,Spanish variant
Other,surname,Fernandez,Eurasian/Portuguese surname
Other,surname,Fernandes,Variant of Fernandez
Other,surname,Gomes,Eurasian/Portuguese surname
Other,surname,Gomez,Spanish variant
Other,surname,Souza,Eurasian/Portuguese surname
Other,surname,D'Souza,Variant of Souza
Other,surname,Sequeira,Eurasian/Portuguese surname
Other,surname,Monteiro,Eurasian/Portuguese surname
Other,surname,Almeida,Eurasian/Portuguese surname
Other,surname,Costa,Eurasian/Portuguese surname
Other,surname,da Costa,Variant with prefix
Other,surname,Santos,Eurasian/Portuguese surname
Other,surname,dos Santos,Variant with prefix
Other,surname,Oliveira,Eurasian/Portuguese surname
Other,surname,Mendes,Eurasian/Portuguese surname
Other,surname,Mendis,Sri Lankan variant
Other,surname,Carvalho,Eurasian/Portuguese surname
Other,surname,Smith,Common Western surname
Other,surname,Johnson,Common Western surname
Other,surname,Williams,Common Western surname
Other,surname,Brown,Common Western surname
Other,surname,Jones,Common Western surname
Other,surname,Miller,Common Western surname
Other,surname,Davis,Common Western surname
Other,surname,Wilson,Common Western surname
Other,surname,Taylor,Common Western surname
Other,surname,Anderson,Common Western surname
Other,surname,Thomas,Common Western surname
Other,surname,Jackson,Common Western surname
Other,surname,White,Common Western surname
Other,surname,Harris,Common Western surname
Other,surname,Martin,Common Western surname
Other,surname,Thompson,Common Western surname
Other,surname,Robinson,Common Western surname
Other,surname,Clark,Common Western surname
Other,surname,Lewis,Common Western surname
Other,surname,Walker,Common Western surname
Other,surname,Young,Common Western surname
Other,surname,King,Common Western surname
Other,surname,Wright,Common Western surname
Other,surname,Hill,Common Western surname
Other,surname,Scott,Common Western surname
Other,surname,Green,Common Western surname
Other,surname,Adams,Common Western surname
Other,surname,Baker,Common Western surname
Other,surname,Nelson,Common Western surname
Other,surname,Carter,Common Western surname
Other,surname,Mitchell,Common Western surname
Chinese,surname,Leow,Hokkien surname (Liao in Mandarin)
Chinese,surname,Puah,Hokkien surname (Pan in Mandarin)
Indian,surname,Chakravarty,Bengali surname
Indian,surname,Chakraborty,Bengali surname variant
Indian,surname,Kamsan,Malay/Indian name
Malay,name,Amin,Common Islamic name
Chinese,surname,Qiu,Mandarin surname
Chinese,surname,Chui,Cantonese surname
Chinese,surname,Siah,Hokkien surname
Chinese,surname,Ngoh,Hokkien/Cantonese surname
Chinese,surname,Hor,Cantonese surname
Chinese,surname,Yik,Cantonese surname
Chinese,surname,Chi,Mandarin surname
Chinese,surname,Yew,Hokkien surname
Chinese,surname,Chuan,Mandarin surname
Chinese,surname,Khew,Hokkien surname
Chinese,surname,Cheung,Cantonese surname
Chinese,surname,Kuek,Hokkien surname
Chinese,surname,Lok,Cantonese surname
Chinese,surname,Tseng,Mandarin surname
Chinese,surname,Hui,Cantonese surname
Chinese,surname,Pak,Cantonese surname
Chinese,surname,Hwa,Mandarin surname
Chinese,surname,Boh,Hokkien surname
Chinese,surname,Chue,Hokkien surname
Chinese,surname,Chau,Cantonese surname
Chinese,surname,Phoa,Hokkien surname
Chinese,surname,Oh,Korean-origin surname
Chinese,surname,Cha,Korean/Chinese surname
Chinese,surname,Ngaim,Hakka surname
Chinese,surname,Hoe,Hokkien surname
Chinese,surname,Yeap,Hokkien surname
Chinese,surname,Qiao,Mandarin surname
Chinese,surname,Kiew,Hakka surname
Chinese,surname,Chung,Cantonese surname
Chinese,surname,Seet,Hokkien surname
Chinese,surname,Yau,Cantonese surname
Chinese,surname,Hou,Mandarin surname
Chinese,surname,Yeong,Cantonese surname
Chinese,surname,Ngo,Vietnamese/Cantonese surname
Chinese,surname,Yin,Mandarin surname
Chinese,surname,Lang,Mandarin surname
Chinese,surname,Jean,French-Chinese name
Chinese,surname,Yock,Hokkien surname
Chinese,surname,Peh,Hokkien surname
Chinese,surname,Jia,Mandarin surname
Indian,surname,Pandiyan,Tamil surname
Indian,surname,Govindaraju,Tamil surname
Indian,surname,Muthukrishnan,Tamil surname
Indian,surname,Jayaraman,Tamil surname
Indian,surname,Arunachalam,Tamil surname
Indian,surname,Rajaram,Tamil surname
Indian,surname,Ramanathan,Tamil surname
Indian,surname,Rawtaer,Indian surname
Indian,surname,Sivapriya,Tamil name
Indian,surname,Thean,Tamil surname
Indian,surname,Vijayendran,Tamil surname
Indian,surname,Vasantham,Tamil surname
Indian,surname,Kothandom,Tamil surname
Indian,surname,Choolani,Indian surname
Indian,surname,Tavintharan,Tamil surname
Indian,surname,Shabbir,Indian Muslim surname
Indian,surname,Sundaram,Tamil surname
Indian,surname,Selvam,Tamil surname
Indian,surname,Shanmugam,Tamil surname
Indian,surname,Anandan,Tamil surname
Indian,surname,Arumugam,Tamil surname
Indian,surname,Balakrishnan,Tamil surname
Indian,surname,Chandran,Tamil surname
Indian,surname,Durairaj,Tamil surname
Indian,surname,Ganesh,Indian name
Indian,surname,Hariharan,Tamil surname
Indian,surname,Jagadeesh,Tamil surname
Indian,surname,Kannan,Tamil surname
Indian,surname,Lakshmi,Indian name
Indian,surname,Manikam,Tamil surname
Indian,surname,Natarajan,Tamil surname
Indian,surname,Palaniappan,Tamil surname
Indian,surname,Rajan,Tamil surname
Indian,surname,Saravanan,Tamil surname
Indian,surname,Subramaniam,Tamil surname
Indian,surname,Thirunavukarasu,Tamil surname
Indian,surname,Veerappan,Tamil surname
Indian,surname,Bhojwani,Sindhi surname
Indian,surname,Hariman,Indian surname
Indian,surname,Vijayakumar,Tamil surname
Indian,surname,Viswanathan,Tamil surname
Indian,surname,Venkatesh,Tamil surname
Indian,surname,Srinivasan,Tamil surname
Indian,surname,Raghavan,Tamil surname
Indian,surname,Gopal,Tamil surname
Indian,surname,Devi,Indian name suffix
Indian,name,Andiappan,Tamil name
Indian,name,Puspha,Tamil name
Indian,name,Premalatha,Tamil name
Indian,name,Shangkari,Tamil name
Indian,name,Sujata,Sanskrit name
Indian,name,Juthika,Indian name
Indian,name,Reena,Indian name
Indian,name,Sivapriya,Tamil name
Malay,name,Baharudin,Common Malay name
Malay,name,Hidayah,Arabic name
Malay,name,Zarina,Common Malay/Arabic name
Malay,name,Nurul,Common Malay/Arabic name
Malay,name,Alsagoff,Arab-Malay surname
Malay,name,Surani,Malay name
Malay,name,Begum,Muslim honorific/name
Malay,name,Ameen,Arabic name
Malay,name,Samad,Arabic name
Malay,name,Suraiza,Malay name
Malay,name,Ashraf,Arabic name
Malay,name,Ameera,Arabic name
Malay,name,Haryanti,Malay/Indonesian name
Malay,name,Anggerek,Malay name
Malay,name,Naaznee,Malay/Arabic name
Malay,name,Saleha,Arabic name
Malay,name,Faruq,Arabic name
Malay,name,Shafie,Arabic name
Malay,name,Buhari,Arabic name
Malay,name,Suryana,Malay name
Other,surname,Neighbour,Western surname
Other,surname,Kessler,German surname
Other,surname,Nicholas,Western name/surname
Other,surname,Nonis,Portuguese-origin surname
Other,surname,Rasner,German surname
Other,surname,Castamagna,Italian surname
Other,surname,Kiraly,Hungarian surname
Other,surname,Halim,Arabic surname
Other,surname,Wijaya,Indonesian surname
Other,surname,Hoang,Vietnamese surname
Other,surname,Hartle,Western surname
Other,surname,Zhelev,Slavic surname
Other,surname,Sumitra,Indonesian name
Other,surname,Edward,Western name
Other,surname,Espectacion,Filipino surname
Chinese,surname,Chur,Hokkien surname
Chinese,surname,Pong,Cantonese surname
Chinese,surname,Ngiaw,Hokkien surname
Chinese,surname,Tien,Mandarin surname
Chinese,surname,Haw,Cantonese surname
Chinese,surname,Kui,Cantonese surname
Chinese,surname,Pek,Hokkien surname
Chinese,surname,Tung,Mandarin surname
Chinese,surname,Khong,Cantonese surname
Chinese,surname,Koay,Hokkien surname
Chinese,surname,Ow,Cantonese surname
Chinese,surname,Char,Cantonese surname
Chinese,surname,Kuah,Hokkien surname
Chinese,surname,Tie,Mandarin surname
Chinese,surname,Ying,Mandarin surname
Chinese,surname,Chiew,Hokkien surname
Chinese,surname,Hoon,Hokkien surname
Chinese,surname,Cheang,Cantonese surname
Chinese,surname,Kek,Hokkien surname
Chinese,surname,Gu,Mandarin surname
Chinese,surname,Lua,Hokkien surname
Chinese,surname,Moh,Hokkien surname
Chinese,surname,Wenming,Chinese given name
Chinese,surname,Shan,Mandarin surname
Chinese,surname,Quan,Mandarin surname/Vietnamese
Chinese,surname,Sin,Hokkien surname
Indian,surname,Jacob,Indian Christian surname
Indian,surname,Thanabalasingham,Tamil surname
Indian,surname,Bhalla,Punjabi surname
Indian,surname,Jayakumar,Tamil surname
Indian,surname,Viknesh,Tamil name
Indian,surname,Mathew,Indian Christian surname
Indian,surname,Ayaduray,Tamil surname
Indian,surname,Chinniah,Tamil surname
Indian,surname,Kunnathully,Tamil surname
Indian,surname,Velu,Tamil surname
Indian,surname,Sanmugum,Tamil surname variant
Indian,name,Renuka,Tamil name
Indian,name,Ritu,Indian name
Indian,name,Naomi,Indian Christian name
Indian,name,Shamitha,Tamil name
Indian,name,Anjali,Indian name
Indian,name,Jeyalakshmi,Tamil name
Indian,name,Thavaseelan,Tamil name
Indian,name,Preeteashwari,Tamil name
Indian,name,Josiah,Biblical/Indian Christian name
Indian,name,Ebenezer,Indian Christian name
Indian,name,Lazar,Indian Christian name
Indian,surname,Sherman,Western/Indian Christian surname
Malay,name,Nisah,Malay name
Malay,name,Hazirah,Arabic/Malay name
Malay,name,Yusoff,Malay surname
Malay,name,Baizurah,Malay name
Malay,name,Zanaria,Malay name
Malay,name,Jusary,Malay name
Malay,name,Affandi,Malay/Arabic name
Malay,name,Mazlena,Malay name
Malay,name,Redhuan,Malay name
Malay,name,Nazirin,Malay name
Malay,name,Mila,Malay name
Malay,name,Alyssa,Malay/Western name
Malay,pattern,Abdul Rahman,Common Malay name pattern
Malay,pattern,Abu Bakar,Common Malay name pattern
Other,surname,Batchelor,Western surname
Other,surname,Mueller,German surname
Other,surname,De Souza,Portuguese surname
Other,surname,Amelia,Western name
Other,surname,Soniya,Western/Indian name
Chinese,surname,Bong,Cantonese surname
Chinese,surname,Chiu,Cantonese surname
Chinese,surname,Siow,Hokkien surname
Chinese,surname,Ngia,Hokkien surname
Chinese,surname,Woon,Cantonese surname
Chinese,surname,Miao,Mandarin surname
Chinese,surname,Hoong,Cantonese surname
Chinese,surname,How,Cantonese surname
Chinese,surname,Geok,Hokkien surname
Chinese,surname,Tew,Hokkien surname
Chinese,surname,Chiah,Hokkien surname
Chinese,surname,Pui,Cantonese surname
Chinese,surname,Saw,Hokkien surname
Chinese,surname,Yoon,Korean/Cantonese surname
Chinese,surname,Sum,Cantonese surname
Chinese,surname,Eng,Hokkien surname
Chinese,surname,Nio,Hokkien surname
Chinese,surname,Zhuang,Mandarin surname
Chinese,surname,Nyeo,Hokkien surname
Chinese,surname,Lew,Cantonese surname
Chinese,surname,Kueh,Hokkien surname
Chinese,surname,Zhuo,Mandarin surname
Chinese,surname,Gui,Mandarin surname
Chinese,surname,Suen,Cantonese surname
Chinese,surname,Liaw,Hokkien surname
Chinese,surname,Sien,Hokkien surname
Chinese,surname,Yanci,Chinese name
Chinese,surname,Wenya,Chinese name
Indian,surname,Puvenesveran,Tamil surname
Indian,surname,Parekh,Gujarati surname
Indian,surname,Mahadevan,Tamil surname
Indian,surname,Thambusamy,Tamil surname
Indian,surname,Malathi,Tamil name
Indian,surname,Rathinamala,Tamil name
Indian,surname,Sudhi,Tamil surname
Indian,surname,Melwani,Sindhi surname
Indian,surname,Rastogi,North Indian surname
Indian,surname,Gopalan,Tamil surname
Indian,surname,Vijayaraghavan,Tamil surname
Indian,surname,Achary,Tamil surname
Indian,name,Jaspreet,Punjabi name
Indian,name,Jamuna,Tamil name
Indian,name,Gayathri,Tamil name
Indian,name,Shivkumar,Tamil name
Indian,name,Suhani,Indian name
Indian,name,Amita,Indian name
Indian,name,Antony,Indian Christian name
Malay,name,Ishak,Malay name (Isaac)
Malay,name,Osman,Malay name
Malay,name,Mohd,Malay abbreviation for Muhammad
Malay,name,Jailani,Malay name
Malay,name,Nordiyanah,Malay name
Malay,name,Norhayati,Malay name
Malay,name,Rahmat,Malay name
Malay,name,Sakdun,Malay name
Malay,name,Sardi,Malay name
Malay,name,Rusydi,Malay name
Malay,name,Yaakup,Malay name (Jacob)
Malay,name,Marlyana,Malay name
Malay,name,Omar,Malay name
Malay,name,Haliza,Malay name
Malay,name,Anwar,Malay name
Malay,name,Saleh,Malay name
Malay,name,Surianti,Malay name
Malay,name,Adrian,Malay/Western name
Malay,name,Izwan,Malay name
Malay,name,Rehmen,Malay name
Other,surname,Borschberg,German surname
Other,surname,Komar,Eastern European surname
Other,surname,Tritton,Western surname
Other,surname,McClelland,Scottish surname
Other,surname,Guilder,Western surname
Other,surname,Puspitasari,Indonesian surname
Other,surname,Van den Ende,Dutch surname
Other,surname,Benger,Western surname
Other,surname,Jessica,Western name
Other,surname,El Mouden,Arabic surname
Chinese,surname,Nga,Hokkien surname
Chinese,surname,Aw,Hokkien surname
Chinese,surname,Tui,Cantonese surname
Chinese,surname,Khng,Hokkien surname
Chinese,surname,Mak,Cantonese surname
Chinese,surname,Cher,Hokkien surname
Chinese,surname,Lo,Cantonese surname
Chinese,surname,Fu,Mandarin surname
Chinese,surname,Cham,Cantonese surname
Chinese,surname,Deng,Mandarin surname
Chinese,surname,Phuah,Hokkien surname
Chinese,surname,Mun,Cantonese surname
Chinese,surname,New,Hokkien surname
Chinese,surname,Moo,Hokkien surname
Chinese,surname,Twoon,Cantonese surname
Chinese,surname,Hon,Cantonese surname
Chinese,surname,Show,Hokkien surname
Chinese,surname,Dejun,Chinese given name
Chinese,surname,Hengshan,Chinese given name
Chinese,surname,Huixian,Chinese given name
Chinese,surname,Jiexin,Chinese given name
Chinese,surname,Zhikang,Chinese given name
Chinese,surname,Jianxing,Chinese given name
Indian,surname,Nambiar,Malayalam surname
Indian,surname,Chandgothia,Indian surname
Indian,surname,Kurupatham,Tamil surname
Indian,surname,Ratnam,Tamil surname
Indian,surname,Selvaraj,Tamil surname
Indian,surname,Elangovan,Tamil surname
Indian,surname,Velayutham,Tamil surname
Indian,surname,Gurnani,Sindhi surname
Indian,surname,Karikalan,Tamil surname
Indian,surname,Pandey,North Indian surname
Indian,surname,Krishnan,Tamil surname
Indian,surname,Sikdar,Bengali surname
Indian,surname,Nadarajan,Tamil surname
Indian,surname,Ramchunder,Tamil surname
Indian,surname,Soreng,Indian surname
Indian,surname,Mangudi,Tamil surname
Indian,surname,Bala,Tamil/Indian name
Indian,surname,Goel,North Indian surname
Indian,surname,Raj,Indian surname
Indian,name,Sugumaran,Tamil name
Indian,name,Lalitha,Tamil name
Indian,name,Kavitha,Tamil name
Indian,name,Mathangi,Tamil name
Indian,name,Vijaya,Tamil name
Indian,name,Mayuri,Indian name
Indian,name,Subatra,Tamil name
Indian,name,Anusha,Indian name
Indian,name,Charukeshi,Indian name
Indian,name,Simranpal,Punjabi name
Indian,name,Jitenram,Indian name
Indian,name,Kiran,Indian name
Malay,name,Jamaludin,Malay name
Indian,surname,Kaur,Punjabi surname
Malay,name,Jailani,Malay name
Malay,name,Mohamad,Malay name variant
Malay,name,Taufiq,Malay name
Malay,name,Siraj,Malay name
Malay,name,Noorashikin,Malay name
Malay,name,Zulkarnain,Malay name
Malay,name,Noor,Malay name
Malay,name,Nazrana,Malay name
Malay,name,Zainuddin,Malay name
Malay,name,Moosa,Malay name (Moses)
Malay,name,Hamzah,Malay name
Malay,name,Hanna,Malay name
Other,surname,Menzel,German surname
Other,surname,De Guzman,Filipino surname
Other,surname,Castillo,Spanish surname
Other,surname,Suhendro,Indonesian surname
Other,surname,Martiny,Western surname
Other,surname,Amand,French name
Other,surname,George,Western name
Other,surname,Malimban,Filipino surname
Other,surname,Macasaet,Filipino surname
Other,surname,Redfern,Western surname
Other,surname,Dent,Western surname
Other,surname,Marie,Western name
Other,surname,Patton,Western surname
Other,surname,Titima,Thai name
Chinese,surname,Seng,Hokkien surname
Chinese,surname,Er,Hokkien surname
Chinese,surname,Kah,Cantonese surname
Chinese,surname,Tin,Cantonese surname
Chinese,surname,Zhong,Mandarin surname
Chinese,surname,Hauw,Hokkien surname
Chinese,surname,Si,Mandarin surname
Chinese,surname,Kow,Cantonese surname
Chinese,surname,Ping,Mandarin surname
Chinese,surname,Ee,Hokkien surname
Chinese,surname,Kwa,Hokkien surname
Chinese,surname,Ker,Hokkien surname
Chinese,surname,Lum,Cantonese surname
Chinese,surname,Ler,Hokkien surname
Chinese,surname,Quah,Hokkien surname
Chinese,surname,Heah,Hokkien surname
Chinese,surname,Khor,Hokkien surname
Chinese,surname,Ten,Hokkien surname
Chinese,surname,Shuai,Mandarin surname
Chinese,surname,Jong,Cantonese surname
Chinese,surname,Yeow,Cantonese surname
Chinese,surname,Seek,Hokkien surname
Chinese,surname,Tey,Hokkien surname
Chinese,surname,Lan,Mandarin surname
Chinese,surname,Thiang,Hokkien surname
Chinese,surname,Too,Hokkien surname
Chinese,surname,Seing,Hokkien surname
Chinese,surname,Yizhuang,Chinese name
Chinese,surname,Shuling,Chinese name
Chinese,surname,Dongxing,Chinese name
Chinese,surname,Zhilei,Chinese name
Indian,surname,Dharmalingam,Tamil surname
Indian,surname,Devendra,Tamil surname
Indian,surname,Arlando,Indian surname
Indian,surname,Oishi,Japanese surname
Indian,surname,Venkatachalam,Tamil surname
Indian,surname,Arundhati,Indian name
Indian,surname,Roshini,Tamil name
Indian,surname,Sivalingam,Tamil surname
Indian,surname,Midha,North Indian surname
Indian,surname,Charadva,Gujarati surname
Indian,surname,Dairianathan,Tamil surname
Indian,surname,Lekshmi,Malayalam surname
Indian,surname,Koduri,Telugu surname
Indian,surname,Moorthi,Tamil surname
Indian,surname,Ponniah,Tamil surname
Indian,surname,Jaitly,North Indian surname
Indian,surname,Mano,Tamil surname
Indian,surname,Krishnadivya,Tamil name
Indian,surname,Renganathan,Tamil surname
Indian,name,Jaishree,Indian name
Indian,name,Teresa,Indian Christian name
Indian,name,Umayal,Tamil name
Indian,name,Anshu,Indian name
Indian,name,Abilash,Tamil name
Indian,name,Halitha,Tamil name
Indian,name,Banu,Tamil name
Indian,name,Neelima,Indian name
Indian,name,Natasha,Indian/Western name
Indian,name,Logapreyan,Tamil name
Indian,surname,Ganesan,Tamil surname
Malay,name,Ali,Malay name
Malay,name,Abdul Latiff,Malay name
Malay,name,Suryahti,Malay name
Malay,name,Sapiah,Malay name
Malay,name,Molla,Malay name
Malay,name,Azlinda,Malay name
Malay,name,Ahmad,Malay name
Malay,name,Hariayatty,Malay name
Malay,name,Irdawati,Malay name
Malay,name,Roslan,Malay name
Malay,name,Rozana,Malay name
Malay,name,Abu Samah,Malay name
Malay,name,Ruzanna,Malay name
Malay,name,Muhamad,Malay name variant
Malay,name,Salahuddin,Malay name
Malay,name,Maslinah,Malay name
Malay,name,Haron,Malay name
Malay,name,Junainah,Malay name
Malay,name,Nadia,Malay name
Malay,name,Samsi,Malay name
Malay,name,Norsabariah,Malay name
Malay,name,Tubi,Malay name
Malay,name,Razmiah,Malay name
Malay,name,Ebrahim,Malay name
Malay,name,Mansoor,Malay name
Malay,name,Amir,Malay name
Other,surname,Ferroa,Filipino surname
Other,surname,De Silva,Portuguese surname
Other,surname,Edmonds,Western surname
Other,surname,Dale,Western surname
Other,surname,Stephens,Western surname
Other,surname,Gloria,Western name
Other,surname,Sundfor,Norwegian surname
Other,surname,Jacobsen,Norwegian surname
Other,surname,Alessandrini,Italian surname
Other,surname,Hedges,Western surname
Other,surname,Magnus,Western surname
Other,surname,Pastore,Italian surname
Other,surname,Fabbri,Italian surname
Other,surname,Athayde,Portuguese surname
Other,surname,Caballero,Spanish surname
Other,surname,Wibowo,Indonesian surname
Other,surname,Gunawan,Indonesian surname
Other,surname,Gelencser,Hungarian surname
Other,surname,Oey,Indonesian surname
Other,surname,Wijaya,Indonesian surname
Other,surname,Janiardy,Indonesian surname
Other,surname,Carlina,Western name
Chinese,surname,Khou,Hokkien surname
Chinese,surname,Kwang,Cantonese surname
Chinese,surname,Yann,Chinese surname
Chinese,surname,Tou,Cantonese surname
Chinese,surname,Choi,Korean/Cantonese surname
Chinese,surname,Sze,Cantonese surname
Chinese,surname,Chum,Cantonese surname
Chinese,surname,Gong,Mandarin surname
Chinese,surname,Sik,Hokkien surname
Chinese,surname,Yam,Cantonese surname
Chinese,surname,Ching,Cantonese surname
Chinese,surname,Fum,Cantonese surname
Chinese,surname,Ewe,Hokkien surname
Chinese,surname,Kan,Cantonese surname
Chinese,surname,Chea,Hokkien surname
Chinese,surname,Leo,Hokkien surname
Chinese,surname,Loy,Cantonese surname
Chinese,surname,Zee,Cantonese surname
Chinese,surname,Hoh,Hokkien surname
Chinese,surname,Shu,Mandarin surname
Chinese,surname,Phee,Hokkien surname
Chinese,surname,Ailing,Chinese given name
Chinese,surname,Yihui,Chinese given name
Chinese,surname,Huiwen,Chinese given name
Chinese,surname,Siying,Chinese given name
Chinese,surname,Renfei,Chinese given name
Chinese,surname,Weiqiang,Chinese given name
Indian,surname,Sambandam,Tamil surname
Indian,surname,Balendran,Tamil surname
Indian,surname,Periowsamy,Tamil surname
Indian,surname,Otharathinam,Tamil surname
Indian,surname,Sandrasegaran,Tamil surname
Indian,surname,Shanmugasundar,Tamil surname
Indian,surname,Wijedasa,Sinhalese surname
Indian,surname,Basnayake,Sinhalese surname
Indian,surname,Raju,Telugu surname
Indian,surname,Arul,Tamil surname
Indian,surname,Kailasam,Tamil surname
Indian,surname,Chelladurai,Tamil surname
Indian,surname,Periyasamy,Tamil surname
Indian,surname,Rajah,Tamil surname
Indian,surname,Segar,Tamil surname
Indian,surname,Sripathy,Tamil surname
Indian,surname,Suresh,Tamil surname
Indian,surname,Sundramurthi,Tamil surname
Indian,surname,Devendran,Tamil surname
Indian,surname,Sivaram,Tamil surname
Indian,surname,Mahendran,Tamil name
Indian,surname,Gunasekaran,Tamil surname
Indian,surname,Saraswathy,Tamil name
Indian,surname,Selvaraj,Tamil surname
Indian,surname,Vashi,Gujarati surname
Indian,surname,Manoj,Indian name
Indian,surname,Lim-Rajaram,Tamil surname
Indian,name,Indira,Indian name
Indian,name,Vijea,Tamil name
Indian,name,Lakshimi,Tamil name
Indian,name,Premalatha,Tamil name
Indian,name,Silvarani,Tamil name
Indian,name,Shalen,Tamil name
Indian,name,Sharmila,Tamil name
Indian,name,Yuthra,Tamil name
Indian,name,Seema,Indian name
Indian,name,Ranita,Indian name
Indian,name,Kiruthiga,Tamil name
Indian,name,Nagaraj,Tamil name
Malay,name,Mahadi,Malay name
Malay,name,Farisha,Malay name
Malay,name,Asharaff,Malay name
Malay,name,Norhidayu,Malay name
Malay,name,Yusope,Malay name
Malay,name,Norasnida,Malay name
Malay,name,Ramli,Malay name
Malay,name,Zarinah,Malay name
Malay,name,Marican,Malay name
Malay,name,Norlin,Malay name
Malay,name,Naim,Malay name
Malay,name,Zuraidah,Malay name
Malay,name,Nurhuda,Malay name
Malay,name,Safari,Malay name
Malay,name,Zulhaqem,Malay name
Malay,name,Kohe,Malay name
Malay,name,Hasan,Malay name
Malay,name,Zubaidah,Malay name
Malay,name,Said,Malay name
Malay,name,Ahamed,Malay name
Malay,name,Gouse,Malay name
Malay,name,Sheik,Malay name
Malay,name,Peer,Malay name
Malay,name,Sha'banu,Malay name
Malay,name,Zeenath,Malay name
Malay,name,Shireen,Malay name
Malay,name,Farhad,Malay/Persian name
Other,surname,Pattullo,Scottish surname
Other,surname,Macaraan,Filipino surname
Other,surname,Belkin,Eastern European surname
Other,surname,De Vera,Filipino surname
Other,surname,Gordon,Scottish surname
Other,surname,Durray,Western surname
Other,surname,Gilbert,Western surname
Other,surname,Basnayake,Sri Lankan surname
Other,surname,Wenslau,German surname
Other,surname,Straugh,Western surname
Other,surname,Erika,Indonesian name
Other,surname,Primasanti,Indonesian name
Other,surname,Myo Win,Burmese name
Other,surname,Aung,Burmese name
Malay,pattern,binte,Daughter of (variant of binti)
Chinese,surname,Kor,Hokkien surname
Chinese,surname,Shum,Cantonese surname
Chinese,surname,Ha,Cantonese surname
Chinese,surname,Sih,Hokkien surname
Chinese,surname,Keh,Hokkien surname
Chinese,surname,Khui,Hokkien surname
Chinese,surname,Mark,Cantonese surname
Chinese,surname,Gao,Mandarin surname
Chinese,surname,Tiong,Hokkien surname
Chinese,surname,Leck,Hokkien surname
Chinese,surname,Peck,Hokkien surname
Chinese,surname,Cho,Korean surname
Chinese,surname,Yude,Chinese given name
Chinese,surname,Junyuan,Chinese given name
Chinese,surname,Dongdong,Chinese given name
Indian,surname,Thangaraju,Tamil surname
Indian,surname,Sakthivel,Tamil surname
Indian,surname,Panjakumar,Tamil surname
Indian,surname,Somu,Tamil surname
Indian,surname,Bhaskaran,Tamil surname
Indian,surname,Senthilkumaran,Tamil surname
Indian,surname,Sarkunan,Tamil surname
Indian,surname,Jaiswal,North Indian surname
Indian,name,Kalpana,Indian name
Indian,name,Yuvarani,Tamil name
Indian,name,Nitya,Indian name
Indian,name,Bhavani,Tamil name
Indian,name,Kokilavani,Tamil name
Indian,name,Hilary,Indian/Western name
Malay,name,Sharida,Malay name
Malay,name,Hafidz,Malay name
Malay,name,Alkaff,Arab-Malay surname
Malay,name,Syahirah,Malay name
Malay,name,Mustaffa,Malay name
Malay,name,Kamal,Malay name
Malay,name,Norulhuda,Malay name
Malay,name,Othman,Malay name
Malay,name,Shahila,Malay name
Malay,name,Azlin,Malay name
Malay,name,Nurafiqah,Malay name
Malay,name,Mufidah,Malay name
Malay,name,Istyana,Malay name
Malay,name,Putri,Malay name
Malay,name,Atikah,Malay name
Malay,name,Radhiah,Malay name
Malay,name,Ibrahim,Malay name
Malay,name,Tahmat,Malay name
Malay,name,Razali,Malay name
Malay,name,Sheikh,Malay honorific
Malay,name,Adra,Malay name
Malay,name,Bux,Malay name
Other,surname,De Cotta,Portuguese surname
Other,surname,Robert,Western surname
Other,surname,Ratnakar,Indian/Western name
Other,surname,Husain,Arabic surname
Chinese,surname,Mong,Cantonese surname
Chinese,surname,Yien,Cantonese surname
Chinese,surname,Sua,Hokkien surname
Chinese,surname,Gwa,Hokkien surname
Chinese,surname,Hiong,Hokkien surname
Chinese,surname,Mao,Mandarin surname
Chinese,surname,Kaw,Cantonese surname
Chinese,surname,Leung,Cantonese surname
Chinese,surname,Yao,Mandarin surname
Chinese,surname,Go,Hokkien surname
Chinese,surname,Nang,Cantonese surname
Chinese,surname,Boon,Hokkien surname
Chinese,surname,Ouyang,Mandarin surname
Chinese,surname,Moy,Cantonese surname
Chinese,surname,Voo,Hokkien surname
Chinese,surname,Tiang,Hokkien surname
Chinese,surname,Theng,Hokkien surname
Chinese,surname,Kua,Hokkien surname
Chinese,surname,Chwee,Hokkien surname
Chinese,surname,Tok,Hokkien surname
Chinese,surname,Chock,Cantonese surname
Chinese,surname,Koa,Hokkien surname
Chinese,surname,Hue,Cantonese surname
Chinese,surname,Hia,Hokkien surname
Chinese,surname,Phuan,Hokkien surname
Chinese,surname,Sng,Hokkien surname
Chinese,surname,Gim,Hokkien surname
Chinese,surname,Swee,Hokkien surname
Chinese,surname,Choa,Hokkien surname
Chinese,surname,Loe,Hokkien surname
Chinese,surname,Khu,Hokkien surname
Chinese,surname,Pow,Cantonese surname
Chinese,surname,Voon,Cantonese surname
Chinese,surname,Goi,Hokkien surname
Chinese,surname,Fung,Cantonese surname
Chinese,surname,Soong,Mandarin surname
Chinese,surname,Yak,Hokkien surname
Chinese,surname,Chooi,Hokkien surname
Chinese,surname,Koe,Hokkien surname
Chinese,surname,Xi,Mandarin surname
Chinese,surname,Qihua,Chinese given name
Chinese,surname,Runxing,Chinese given name
Chinese,surname,Wanling,Chinese given name
Chinese,surname,Jingting,Chinese given name
Chinese,surname,Yousi,Chinese given name
Indian,surname,Datta,Bengali surname
Indian,surname,Dorai,Tamil surname
Indian,surname,Balasubramanian,Tamil surname
Indian,surname,Jain,North Indian surname
Indian,surname,Manokara,Tamil surname
Indian,surname,Hapugoda,Sinhalese surname
Indian,surname,Poopalan,Tamil surname
Indian,surname,Maran,Tamil surname
Indian,surname,Baliah,Tamil surname
Indian,surname,Uthrapathy,Tamil surname
Indian,surname,Dash,Oriya surname
Indian,surname,Sundararaj,Tamil surname
Indian,surname,Thangaraj,Tamil surname
Indian,surname,Nair,Malayalam surname
Indian,surname,Kukal,North Indian surname
Indian,surname,Tonk,North Indian surname
Indian,surname,Arokiaraj,Tamil Christian surname
Indian,name,Pinaki,Bengali name
Indian,name,Maniyar,Gujarati name
Indian,name,Kareena,Indian name
Indian,name,Shameem,Indian Muslim name
Indian,name,Nilofar,Indian name
Indian,name,Manimekalai,Tamil name
Indian,name,Thavamani,Tamil name
Indian,name,Kalpana,Indian name
Indian,name,Kitratiprasan,Thai/Indian name
Indian,name,Kanokwan,Thai name
Indian,name,Vimmalla,Tamil name
Indian,name,Vicky,Indian name
Indian,name,Ashokumar,Tamil name
Indian,name,Pricilla,Indian Christian name
Indian,name,Patralika,Bengali name
Indian,name,Shashidhar,Tamil name
Indian,name,Dinesh,Indian name
Indian,name,Vasu,Indian name
Indian,name,Anjum,Indian name
Indian,name,Parvez,Indian name
Indian,name,Kavita,Indian name
Indian,name,Sachin,Indian name
Indian,name,Jaynethy,Tamil name
Indian,name,Rachna,Indian name
Indian,name,Puspanathan,Tamil name
Indian,name,Rimjhim,Indian name
Indian,name,Relan,Indian surname
Indian,name,Sridhar,Tamil name
Indian,name,Archan,Indian name
Indian,name,Misra,North Indian surname
Indian,name,Vathsala,Tamil name
Indian,name,Anantharaman,Tamil surname
Indian,name,Regina,Indian Christian name
Indian,name,Connie,Indian name
Indian,name,Rai,Punjabi surname
Malay,name,Zainal,Malay name
Malay,name,Khosni,Malay name
Malay,name,Rahmat,Malay name
Malay,name,Kharina,Malay name
Malay,name,Intiaisyah,Malay name
Malay,name,Dayang,Malay honorific
Malay,name,Farizah,Malay name
Malay,name,Jainal,Malay name
Malay,name,Faizal,Malay name
Malay,name,Fadli,Malay name
Malay,name,Idris,Malay name
Malay,name,Iskander,Malay name
Malay,name,Habi,Malay name
Malay,name,Nazruddin,Malay name
Malay,name,Minhaj,Malay name
Malay,name,Rafi,Malay name
Malay,name,Haslina,Malay name
Malay,name,Kassim,Malay name
Malay,name,Rabiatul,Malay name
Malay,name,Shakilajan,Malay name
Malay,name,Syahiran,Malay name
Malay,name,Rohajat,Malay name
Malay,name,Juliana,Malay name
Malay,name,Sahaimi,Malay name
Malay,name,Napiah,Malay name
Malay,name,Filzah,Malay name
Malay,name,Yahaya,Malay name
Malay,name,Masrifah,Malay name
Malay,name,Arial,Malay name
Malay,name,Shereen,Malay name
Malay,name,Mustafar,Malay name
Malay,name,Noorfarahin,Malay name
Malay,name,Kosasih,Indonesian surname
Other,surname,Kennedy,Irish surname
Other,surname,Richmond,Western surname
Other,surname,Hardless,Western surname
Other,surname,Theseira,Portuguese surname
Other,surname,Murphy,Irish surname
Other,surname,Walter,German surname
Other,surname,Mills,Western surname
Other,surname,Brien,Irish surname
Other,surname,O'Connell,Irish surname
Other,surname,Maderazo,Filipino surname
Other,surname,Catindig,Filipino surname
Other,surname,Huynh,Vietnamese surname
Other,surname,Susanti,Indonesian surname
Other,surname,Siska,Indonesian name
Other,surname,Dwiastuti,Indonesian surname
Other,surname,Adrisudiro,Indonesian surname
Other,surname,Koentario,Indonesian surname
Other,surname,Mirawidya,Indonesian surname
Other,surname,Wandayani,Indonesian name
Other,surname,Szécsényi,Hungarian surname
Other,surname,Chinikeyev,Central Asian surname
Other,surname,Guillard,French surname
Other,surname,Nguyen,Vietnamese surname
Other,surname,Anthony,Western name
Other,surname,Douglas,Scottish surname
Other,surname,Jaffer,Arabic surname
Chinese,surname,Lio,Hokkien surname
Chinese,surname,Jang,Korean surname
Chinese,surname,Onn,Hokkien surname
Chinese,surname,Beng,Hokkien surname
Chinese,surname,Kng,Hokkien surname
Chinese,surname,Seok,Korean surname
Chinese,surname,Tjioe,Hokkien surname
Chinese,surname,Tang,Mandarin surname
Chinese,surname,Gaw,Hokkien surname
Chinese,surname,Won,Korean surname
Chinese,surname,Owi,Hokkien surname
Chinese,surname,Perh,Hokkien surname
Chinese,surname,Keu,Hokkien surname
Chinese,surname,Luar,Hokkien surname
Chinese,surname,Toi,Hokkien surname
Chinese,surname,Hang,Cantonese surname
Chinese,surname,Kwan,Cantonese surname
Chinese,surname,Yeem,Cantonese surname
Chinese,surname,Or,Hokkien surname
Chinese,surname,Teow,Hokkien surname
Chinese,surname,Chern,Mandarin surname
Chinese,surname,Pay,Hokkien surname
Chinese,surname,Chay,Hokkien surname
Chinese,surname,Lue,Hokkien surname
Chinese,surname,Yiu,Cantonese surname
Chinese,surname,Foong,Hokkien surname
Chinese,surname,Diong,Hokkien surname
Chinese,surname,Sue,Hokkien surname
Chinese,surname,Xinying,Chinese given name
Chinese,surname,Linghui,Chinese given name
Indian,surname,Dave,Gujarati surname
Indian,surname,Machap,Tamil surname
Indian,surname,Balan,Malayalam surname
Indian,surname,Elankovan,Tamil surname
Indian,surname,Bhaskar,Sanskrit name
Indian,surname,Aruldoss,Tamil surname
Indian,surname,Tharannum,Indian name
Indian,surname,Rajaram,Tamil surname
Indian,surname,Venkadasan,Tamil surname
Indian,surname,Pragalathan,Tamil surname
Indian,surname,Sandhanam,Tamil surname
Indian,surname,Perumal,Tamil surname
Indian,surname,Valiyaveettil,Malayalam surname
Indian,surname,Chakaravarthi,Tamil surname
Indian,surname,Gunalan,Tamil surname
Indian,surname,Manikantan,Tamil surname
Indian,surname,Prashar,Punjabi surname
Indian,surname,Selvaraju,Tamil surname
Indian,surname,Suppiah,Tamil surname
Indian,surname,Sukumaran,Malayalam surname
Indian,surname,Shankar,Sanskrit name
Indian,surname,Thanaletchimi,Tamil surname
Indian,surname,Mitra,Bengali surname
Indian,surname,Sathyanath,Tamil surname
Indian,name,Krutarth,Gujarati name
Indian,name,Mahesh,Indian name
Indian,name,Prema,Tamil name
Indian,name,Seetha,Tamil name
Indian,name,Ananda,Sanskrit name
Indian,name,Ram,Indian name
Indian,name,Shamsiya,Indian name
Indian,name,Akshata,Indian name
Indian,name,Patkar,Marathi surname
Indian,name,Ashutosh,Indian name
Indian,name,Ravi,Indian name
Indian,name,Hema,Indian name
Indian,name,Uma,Indian name
Indian,name,Komal,Indian name
Indian,name,Selvi,Tamil name
Indian,name,Madhavi,Indian name
Indian,name,Bindu,Indian name
Indian,name,Jyotsna,Indian name
Indian,name,Tushar,Indian name
Indian,name,Ramanath,Tamil name
Indian,name,Bharath,Indian name
Indian,name,Dhanabalan,Tamil name
Indian,name,Kaori,Japanese name
Malay,name,Azizah,Malay name
Malay,name,Subhan,Malay name
Malay,name,Ismail,Malay name
Malay,name,Zaki,Malay name
Malay,name,Jufri,Malay name
Malay,name,Mazlan,Malay name
Malay,name,Muhamad,Malay name variant
Malay,name,Nuraini,Malay name
Malay,name,Chuhari,Malay name
Malay,name,Jumaliyah,Malay name
Malay,name,Zahara,Malay name
Malay,name,Asdiran,Malay name
Malay,name,Suhairi,Malay name
Malay,name,Hanisah,Malay name
Malay,name,Masood,Malay name
Malay,name,Esa,Malay name
Malay,name,Rahim,Malay name
Malay,name,Hajarah,Malay name
Malay,name,Sithy,Malay name
Malay,name,Zahira,Malay name
Malay,name,Nawi,Malay name
Malay,name,Hafiz,Malay name
Malay,name,Kasman,Malay name
Malay,name,Hisyamuddin,Malay name
Malay,name,Noordin,Malay name
Malay,name,Daing,Malay name
Malay,name,Fuad,Malay name
Malay,name,Zuzarte,Portuguese/Malay name
Malay,name,Sjamsoeddin,Malay name
Malay,name,Shahrul,Malay name
Malay,name,Shazuli,Malay name
Malay,name,Umeer,Malay name
Malay,name,Hyder,Malay name
Malay,name,Noridah,Malay name
Malay,name,Jamalludin,Malay name
Malay,name,Diyanah,Malay name
Malay,name,Yusoff,Malay name
Malay,name,Taufik,Malay name
Malay,name,Faroock,Malay name
Malay,name,Mahmoud,Arabic name
Malay,name,Mathlub,Arabic name
Malay,name,Sultan,Malay name
Other,surname,Chopard,French surname
Other,surname,Sheares,Western surname
Other,surname,McBryan,Irish surname
Other,surname,Vinicius,Portuguese name
Other,surname,Wikarta,Indonesian surname
Other,surname,Kelly,Irish surname
Other,surname,Metrat-Depuille,French surname
Other,surname,Marzotto,Italian surname
Other,surname,Tosali,Indonesian surname
Other,surname,Kelni,Western surname
Other,surname,Conceicao,Portuguese surname
Other,surname,Haller,German surname
Other,surname,Prakash,Indian surname
Other,surname,Miraldi,Italian surname
Other,surname,Hernández-Ros,Spanish surname
Other,surname,Manuel,Filipino name
Other,surname,Widjaja,Indonesian surname
Other,surname,Win,Burmese name
Other,surname,Naing,Burmese name
Other,surname,McLoughlin,Irish surname
Other,surname,Borysiewicz,Polish surname
Other,surname,Dunsford,Western surname
Other,surname,Whitmarsh,Western surname
Other,surname,Katragadda,Telugu surname
Other,surname,Sirisena,Sinhalese surname
Other,surname,Nakhoda,Arabic surname
Other,surname,Umaña,Spanish surname
Other,surname,Ludovic,French name
Other,surname,Tran,Vietnamese surname
Other,surname,Cannon,Western surname
Other,surname,Ramos,Filipino/Spanish surname
Other,surname,Parma,Italian surname
Other,surname,Nehemiah,Biblical name
Other,surname,Mon,Burmese name
Other,surname,Soe,Burmese name
Other,surname,Jesalina,Filipino name
Chinese,surname,Loi,Hokkien surname
Chinese,surname,Loke,Hokkien surname
Chinese,surname,Pao,Mandarin surname
Chinese,surname,Phong,Cantonese surname
Chinese,surname,Jian,Mandarin surname
Chinese,surname,Siz,Hokkien surname
Chinese,surname,Thng,Hokkien surname
Chinese,surname,Tham,Hokkien surname
Chinese,surname,Seoh,Hokkien surname
Chinese,surname,Nge,Hokkien surname
Chinese,surname,Luu,Vietnamese/Hokkien surname
Chinese,surname,Kho,Hokkien surname
Chinese,surname,Tion,Hokkien surname
Chinese,surname,Kiong,Hokkien surname
Chinese,surname,Gwee,Hokkien surname
Chinese,surname,Phan,Vietnamese surname
Chinese,surname,Phooi,Hokkien surname
Chinese,surname,Liau,Hokkien surname
Chinese,surname,Pouw,Hokkien surname
Chinese,surname,Chaw,Hokkien surname
Chinese,surname,Cao,Mandarin surname
Chinese,surname,Gay,Hokkien surname
Chinese,surname,Liw,Hokkien surname
Chinese,surname,Cheok,Hokkien surname
Chinese,surname,Whang,Korean surname
Chinese,surname,Ruan,Mandarin surname
Chinese,surname,Yek,Hokkien surname
Chinese,surname,Queek,Hokkien surname
Chinese,surname,Wuang,Hokkien surname
Chinese,surname,Tjong,Hokkien surname
Chinese,surname,Liam,Hokkien surname
Chinese,surname,Hao,Mandarin surname
Chinese,surname,Ngai,Cantonese surname
Chinese,surname,The,Hokkien surname
Chinese,surname,Jin,Mandarin surname
Chinese,surname,Siaw,Hokkien surname
Chinese,surname,Yuemin,Chinese given name
Chinese,surname,Jiahui,Chinese given name
Chinese,surname,Xingdong,Chinese given name
Chinese,surname,Kaiyin,Chinese given name
Chinese,surname,Weitian,Chinese given name
Chinese,surname,Zhiyi,Chinese given name
Chinese,surname,Jingheng,Chinese given name
Indian,surname,Prabaharun,Tamil surname
Indian,surname,Rajasingham,Tamil surname
Indian,surname,Mathur,North Indian surname
Indian,surname,Devasahayam,Tamil surname
Indian,surname,Ramany,Tamil surname
Indian,surname,Devandran,Tamil surname
Indian,surname,Manoharan,Tamil surname
Indian,surname,Jayasuriya,Sinhalese surname
Indian,surname,Agarwal,North Indian surname
Indian,surname,Mohanty,Oriya surname
Indian,surname,Nadeson,Tamil surname
Indian,surname,Rajagobal,Tamil surname
Indian,surname,Anandarajah,Tamil surname
Indian,surname,Punithavathi,Tamil name
Indian,surname,Ramesh,Tamil surname
Indian,surname,Ekanayake,Sinhalese surname
Indian,surname,Vedavalli,Tamil name
Indian,surname,Ruthirapathy,Tamil surname
Indian,surname,Eswaran,Tamil surname
Indian,surname,Muralidhar,Tamil surname
Indian,surname,Panjakumar,Tamil surname
Indian,surname,Jayaraghavendran,Tamil surname
Indian,surname,Jayakumar,Tamil surname
Indian,surname,Sathiaseelan,Tamil surname
Indian,surname,Poobalasingam,Tamil surname
Indian,surname,John,Indian Christian surname
Indian,surname,Raman,Tamil surname
Indian,surname,Shila,Tamil name
Indian,surname,Shanmugaraj,Tamil surname
Indian,surname,Ganapathy,Tamil surname
Indian,surname,Sojan,Malayalam surname
Indian,surname,Subramanian,Tamil surname
Indian,surname,Saravanabawan,Tamil surname
Indian,surname,Manickam,Tamil surname
Indian,surname,Kandasamy,Tamil surname
Indian,surname,Thavamalar,Tamil name
Indian,surname,Vaidyanath,Tamil surname
Indian,surname,Thiyagarajan,Tamil surname
Indian,surname,Iqbal,Indian Muslim surname
Indian,surname,Murugesan,Tamil surname
Indian,surname,Arulmoly,Tamil name
Indian,surname,Gopalan,Tamil surname
Indian,surname,Christopherjude,Tamil surname
Indian,name,Menaka,Tamil name
Indian,name,Maragatham,Tamil name
Indian,name,Lajjeetaa,Tamil name
Indian,name,Dhivyaa,Tamil name
Indian,name,Sylvianne,Indian/Western name
Indian,name,Kala,Tamil name
Indian,name,Vannaja,Tamil name
Indian,name,Pooja,Indian name
Indian,name,Krishna,Indian name
Indian,name,Ariel,Indian/Western name
Indian,name,Monisha,Indian name
Indian,name,Senthilkumar,Tamil name
Indian,name,Swathy,Tamil name
Indian,name,Vijayaraghava,Tamil name
Indian,name,Seri,Tamil name
Indian,name,Shazanti,Tamil name
Indian,name,Vani,Tamil name
Indian,name,Ananthu,Tamil name
Indian,name,Santhya,Tamil name
Indian,name,Fahmita,Indian name
Indian,name,Akilan,Tamil name
Indian,name,Puspha,Tamil name
Indian,name,Kamran,Indian name
Indian,name,Rafiq,Indian name
Indian,name,Sankaranarayanan,Tamil name
Indian,name,Subin,Malayalam name
Indian,name,Ashwin,Indian name
Indian,name,Gillian,Indian/Western name
Indian,name,Manisha,Indian name
Indian,name,Gnanaharan,Tamil name
Indian,name,Tammilmani,Tamil name
Indian,name,Thanaletchimi,Tamil name
Indian,name,Kripesh,Indian name
Indian,name,Jayakrishnan,Tamil name
Indian,name,Akshata,Indian name
Indian,name,Pragasam,Tamil name
Malay,name,Noorhayati,Malay name
Malay,name,Rahamat,Malay name
Malay,name,Amir,Malay name
Malay,name,Syasya,Malay name
Malay,name,Zaleha,Malay name
Malay,name,Jamaldien,Malay name
Malay,name,Ridzuan,Malay name
Malay,name,Faris,Malay name
Malay,name,Sandar,Burmese/Malay name
Malay,name,Siswi,Indonesian name
Malay,name,Herlini,Indonesian name
Malay,name,Nourol,Malay name
Malay,name,Houdha,Malay name
Malay,name,Parveen,Malay name
Malay,name,Salma,Malay name
Malay,name,Sabnani,Malay surname
Malay,name,Izdeehar,Malay name
Malay,name,Budiman,Indonesian name
Malay,name,Felina,Indonesian name
Malay,name,Evy,Indonesian name
Malay,name,Muzmil,Malay name
Malay,name,Mayamin,Malay name
Malay,name,Firdawati,Malay name
Malay,name,Masri,Malay name
Malay,name,Haq,Malay name
Malay,name,Saif,Malay name
Malay,name,Rabu,Malay name
Malay,name,Misbah,Malay name
Malay,name,Hamizan,Malay name
Malay,name,Hishamudeen,Malay name
Malay,name,Zaher,Arabic name
Malay,name,Mariana,Malay name
Malay,name,Lukman,Malay name
Malay,name,Khairul,Malay name
Malay,name,Nizam,Malay name
Malay,name,Zarai,Malay name
Malay,name,Sharon,Malay/Western name
Malay,name,Salim,Malay name
Malay,name,Samsul,Malay name
Malay,name,Bahri,Malay name
Malay,name,Adam,Malay name
Malay,name,Farah,Malay name
Malay,name,Sharifah,Malay name
Malay,name,Salaudin,Malay name
Malay,name,Azeera,Malay name
Malay,name,Mawardi,Malay name
Malay,name,Amat,Malay name
Malay,name,Zainul,Malay name
Malay,name,Abidin,Malay name
Malay,name,Davinia,Malay name
Malay,name,Aziz,Malay name
Malay,name,Fa'izah,Malay name
Malay,name,Shahrin,Malay name
Malay,name,Adzlela,Malay name
Malay,name,Harun,Malay name
Malay,name,Alhaddad,Arab name
Malay,name,Rahayu,Malay name
Malay,name,Mahzam,Malay name
Malay,name,Mohidin,Malay name
Malay,name,Shaniz,Malay name
Other,surname,Keppo,Finnish surname
Other,surname,Zhelev,Slavic surname
Other,surname,Kusano,Japanese surname
Other,surname,Shibata,Japanese surname
Other,surname,Inomata,Japanese surname
Other,surname,Pflug,German surname
Other,surname,Eriksson,Swedish surname
Other,surname,Bounaparte,French surname
Other,surname,Samira,Arabic name
Other,surname,Fleury,French surname
Other,surname,Bowes,Western surname
Other,surname,Molina,Spanish surname
Other,surname,Nield,Western surname
Other,surname,Corsini,Italian surname
Other,surname,Singh-Sherali,Mixed surname
Other,surname,Fareed,Arabic surname
Other,surname,Rodriguez,Spanish surname
Other,surname,Pinto,Portuguese surname
Other,surname,Belani,Indian surname
Other,surname,Dahlawi,Arabic surname
Other,surname,Janssen,Dutch surname
Other,surname,Jaya,Indonesian surname
Other,surname,D'Rozario,Portuguese surname
Other,surname,Devianna,Indonesian name
Other,surname,Wild,Western surname
Other,surname,Chesterman,Western surname
Other,surname,Benita,Western/Indonesian name
Other,surname,Wahjudi,Indonesian surname
Other,surname,Julita,Indonesian name
Other,surname,Parlin,Indonesian name
Other,surname,Reyastuty,Indonesian surname
Other,surname,Htwe,Burmese name
Other,surname,Chit,Burmese name
Chinese,surname,Cheam,Hokkien surname
Chinese,surname,Dai,Mandarin surname
Chinese,surname,Thor,Hokkien surname
Chinese,surname,Tu,Mandarin surname
Chinese,surname,Kew,Hokkien surname
Chinese,surname,Shim,Korean surname
Chinese,surname,Boo,Hokkien surname
Chinese,surname,Qi,Mandarin surname
Chinese,surname,Tow,Hokkien surname
Chinese,surname,Chioh,Hokkien surname
Chinese,surname,Nai,Hokkien surname
Chinese,surname,Moey,Hokkien surname
Chinese,surname,Yue,Mandarin surname
Chinese,surname,Lauw,Hokkien surname
Chinese,surname,So,Cantonese surname
Chinese,surname,Bai,Mandarin surname
Chinese,surname,Hing,Cantonese surname
Chinese,surname,Ju,Mandarin surname
Chinese,surname,Jeow,Hokkien surname
Chinese,surname,Ku,Cantonese surname
Chinese,surname,Fok,Cantonese surname
Chinese,surname,Tye,Hokkien surname
Chinese,surname,Ke,Mandarin surname
Chinese,surname,Yihong,Chinese given name
Chinese,surname,Huiling,Chinese given name
Chinese,surname,Zhegang,Chinese given name
Chinese,surname,Meiru,Chinese given name
Chinese,surname,Qunyu,Chinese given name
Chinese,surname,Jiacheng,Chinese given name
Chinese,surname,Jianpeng,Chinese given name
Chinese,surname,Songjun,Chinese given name
Indian,surname,Jeyaraj,Tamil surname
Indian,surname,Swaminathan,Tamil surname
Indian,surname,Rhoi,Tamil surname
Indian,surname,Veerammal,Tamil surname
Indian,surname,Veerasamy,Tamil surname
Indian,surname,Perambrath,Malayalam surname
Indian,surname,Vincent,Indian Christian surname
Indian,surname,Sahadevan,Tamil surname
Indian,surname,Sathyan,Malayalam surname
Indian,surname,Aiyyasamy,Tamil surname
Indian,surname,Rosaline,Indian name
Indian,surname,Maniam,Tamil surname
Indian,surname,Anisha,Indian name
Indian,surname,Ponnambalam,Tamil surname
Indian,surname,Devishini,Tamil name
Indian,surname,Devan,Tamil name
Indian,surname,Palanivelu,Tamil surname
Indian,surname,Veerabhadran,Tamil surname
Indian,surname,Anandarajan,Tamil surname
Indian,surname,Prabhavathe,Tamil name
Indian,surname,Chandradas,Tamil surname
Indian,surname,Nivedha,Tamil name
Indian,surname,Sabapathy,Tamil surname
Indian,surname,Supramaniam,Tamil surname
Indian,surname,Chandran,Tamil surname
Indian,surname,Chelliah,Tamil surname
Indian,surname,Racuyal,Tamil surname
Indian,surname,Nivashini,Tamil name
Indian,surname,Menaachi,Tamil name
Indian,surname,Viswanathan,Tamil surname
Indian,surname,Anna,Indian name
Indian,surname,Kumaresh,Tamil surname
Indian,surname,Vigneshwar,Tamil name
Indian,surname,Mohanraj,Tamil surname
Indian,name,Indumathi,Tamil name
Indian,name,Saranya,Tamil name
Indian,name,Kumutha,Tamil name
Indian,name,Soumya,Indian name
Indian,name,Lalitha,Tamil name
Indian,name,Madhu,Indian name
Indian,name,Naimi,Indian name
Indian,name,Anu,Indian name
Indian,name,Santhra,Tamil name
Indian,name,Joana,Indian name
Indian,name,Janani,Tamil name
Indian,name,Vasugi,Tamil name
Indian,name,Nallamai,Tamil name
Indian,name,Ravi,Indian name
Indian,name,Nisha,Indian name
Indian,name,Vatsala,Tamil name
Indian,name,Gogiladevi,Tamil name
Indian,name,Meande,Tamil name
Indian,name,Narayana,Indian name
Indian,name,Kavitha,Tamil name
Indian,name,Nayana,Indian name
Indian,name,Prabhu,Indian name
Indian,name,Gayathri,Tamil name
Indian,name,Sharad,Indian name
Indian,name,Judith,Indian Christian name
Indian,name,Jeynitha,Tamil name
Indian,name,Usha,Indian name
Indian,name,Geetha,Tamil name
Indian,name,Lathha,Tamil name
Indian,name,Charisma,Indian name
Indian,name,Bharadwaj,Indian name
Malay,name,Hadi,Malay name
Malay,name,Jang,Malay name
Malay,name,Haryati,Malay name
Malay,name,Wahyu,Indonesian name
Malay,name,Juliawaty,Indonesian name
Malay,name,Loemban,Indonesian name
Malay,name,Muhaimin,Malay name
Malay,name,Azmi,Malay name
Malay,name,Yasmin,Malay name
Malay,name,Dzar,Malay name
Malay,name,Hussain,Malay name
Malay,name,Saidah,Malay name
Malay,name,Shufiya,Malay name
Malay,name,Jamaliah,Malay name
Malay,name,Hassan,Malay name
Malay,name,Shahrizan,Malay name
Malay,name,Ihsan,Malay name
Malay,name,Melor,Malay name
Malay,name,Alui,Malay name
Malay,name,Nazrulla,Malay name
Malay,name,Natasha,Malay name
Malay,name,Wahyuni,Indonesian name
Malay,name,Matilda,Indonesian name
Malay,name,Saiful,Malay name
Malay,name,Saroni,Malay name
Malay,name,Hairani,Malay name
Malay,name,Buang,Malay name
Malay,name,Amutha,Tamil/Malay name
Malay,name,Barathan,Tamil/Malay name
Malay,name,Zubaida,Malay name
Malay,name,Faiz,Malay name
Malay,name,Fadzil,Malay name
Malay,name,Raihanah,Malay name
Malay,name,Mostapa,Malay name
Malay,name,Mazrita,Malay name
Malay,name,Mohd,Malay name
Malay,name,Nurmatha,Malay name
Malay,name,Hakim,Malay name
Malay,name,Maswari,Malay name
Malay,name,Nizla,Malay name
Malay,name,Nazhatul,Malay name
Malay,name,Sastika,Malay name
Malay,name,Jawiya,Malay name
Malay,name,Junid,Malay name
Malay,name,Rohanah,Malay name
Malay,name,Aliatonnisa,Malay name
Malay,name,Nazira,Malay name
Malay,name,Shareena,Malay name
Malay,name,Siraj,Malay name
Malay,name,Indaraty,Malay name
Malay,name,Yunus,Malay name
Malay,name,Sadikin,Indonesian name
Malay,name,Sihan,Indonesian name
Malay,name,Aainaa,Malay name
Malay,name,Niksham,Malay name
Malay,name,Abrartaufik,Malay name
Malay,name,Dzul,Malay name
Malay,name,Akhbar,Malay name
Malay,name,Shamsul,Malay name
Other,surname,De Souza,Portuguese surname
Other,surname,Torres,Spanish surname
Other,surname,Vera,Spanish surname
Other,surname,Carl,Western surname
Other,surname,Grüber,German surname
Other,surname,Ardina,Indonesian name
Other,surname,Lawrence,Western surname
Other,surname,Otsuki,Japanese surname
Other,surname,Mieko,Japanese name
Other,surname,Chandwani,Sindhi surname
Other,surname,Belarmino,Filipino surname
Other,surname,Moran,Irish surname
Other,surname,Dimmock,Western surname
Other,surname,Derrico,Italian surname
Other,surname,Binny,Western name
Other,surname,Aldino,Indonesian name
Other,surname,Stevanus,Indonesian name
Other,surname,Felix,Western surname
Other,surname,Anastasia,Western name
Other,surname,David,Western surname
Other,surname,Prabhu,Indian surname
Other,surname,Suhardi,Indonesian surname
Other,surname,Lacy,Western surname
Other,surname,Szeto,Cantonese surname
Other,surname,Najjar,Arabic surname
Other,surname,Fassler,German surname
Other,surname,Angkodjojo,Indonesian surname
Other,surname,Emaung,Burmese name
Other,surname,Saria,Indonesian name
Other,surname,Thuzar,Burmese name
Other,surname,Heaversedge,Western surname
Other,surname,Hartono,Indonesian surname
Other,surname,Yulia,Indonesian name
Other,surname,Bamanshaw,Persian surname
Other,surname,Trevor,Western name
Other,surname,Elias,Western name
Other,surname,Puthucheary,Malayalam surname
Other,surname,Satku,Indian surname
Other,surname,Nissen,Western surname
Other,surname,Kong,Chinese/Western surname
Other,surname,Clarkson,Western surname
Other,surname,Duan,Chinese surname
Other,surname,Mirchandani,Sindhi surname
Other,surname,Benui,Indonesian name
Chinese,surname,Quong,Hokkien surname
Chinese,surname,Raveen,Indian name
Chinese,surname,Kamis,Malay surname  
Other,surname,De Souza,Portuguese surname
Other,surname,Joel,Western name
Other,surname,Jonalis,Indonesian name
Indian,surname,Bhangu,Indian surname
Indian,surname,Dev,Indian name
Indian,surname,Raveen,Tamil name
Malay,surname,Kamis,Malay surname
Indian,surname,Selverajah,Tamil surname
Chinese,surname,Surani,Chinese name
Other,surname,Vacant,Data quality marker
